<!DOCTYPE nvcml>
<PSEFolder name="PSE Settings">
 <TPlot name="Plot">
  <bool displayed="false"/>
  <string Font=",8.25,-1,5,50,0,0,0,0,0"/>
  <string Name="Plot"/>
  <string Icon="timePlot"/>
  <int NodeId="10"/>
  <int FrameLeft="80"/>
  <int FrameRight="200"/>
  <int FrameBottom="600"/>
  <int FrameTop="160"/>
  <int WidgetWidth="821"/>
  <int WidgetHeight="420"/>
  <bool Floating="true"/>
  <UnitScale name="Unit Scale">
   <string Font=",8.25,-1,5,50,0,0,0,0,0"/>
   <string Name="Unit Scale"/>
   <int XRangeType="2"/>
   <int XRangeUnit="24"/>
   <int XTrafo="1"/>
   <float XRangeFixMin="-200"/>
   <float XRangeFixMax="0"/>
   <int YRangeType="2"/>
  </UnitScale>
  <Modi name="Modi">
   <bool displayed="true"/>
   <AxisClipperResizeMode name="AxisClipperResize mode">
    <bool displayed="true"/>
   </AxisClipperResizeMode>
   <LocatorMode name="Locator Mode"/>
   <ZoomMode name="Zoom Mode"/>
   <LabelMode name="Label mode"/>
   <ShiftMode name="Panning Mode"/>
   <CurveEditMode name="Curve Edit Mode">
    <bool displayed="true"/>
   </CurveEditMode>
   <FrameMode name="Frame mode">
    <bool displayed="true"/>
   </FrameMode>
   <PanningMode name="Panning mode">
    <bool displayed="true"/>
   </PanningMode>
  </Modi>
  <LegendMode name="Legend mode"/>
  <Legend name="Legend">
   <int Width="200"/>
   <int AlignType="2"/>
   <int AlignXDist="90"/>
   <int AlignYDist="90"/>
   <int Space="5"/>
  </Legend>
  <Labels name="Labels"/>
  <Logo name="Logo">
   <string Font=",8.25,-1,5,50,0,0,0,0,0"/>
   <string Name="Logo"/>
   <string Icon="logo"/>
  </Logo>
  <PlotTitle name="PlotTitle">
   <string Font=",8.25,-1,5,50,0,0,0,0,0"/>
   <string Name="PlotTitle"/>
   <string Icon="annotationTree"/>
   <float AlignY="-2"/>
   <string FontString="Arial,12,-1,5,75,0,0,0,0,0"/>
   <string Text="DEFAULT"/>
  </PlotTitle>
  <Axes name="Axes">
   <string Font=",8.25,-1,5,50,0,0,0,0,0"/>
   <string Name="Axes"/>
   <string Icon="annotationTree"/>
   <Axis name="Bottom: Time">
    <string Font=",8.25,-1,5,50,0,0,0,0,0"/>
    <string Name="Bottom: Time"/>
    <string Icon="annotationTree"/>
    <int AxisType="1"/>
    <int Unit="24"/>
    <int Trafo="1"/>
    <PSESlide name="PSE Axis">
     <string Font=",8.25,-1,5,50,0,0,0,0,0"/>
     <string Name="PSE Axis"/>
     <float AlignX="-1"/>
     <int AxisType="1"/>
     <int Unit="24"/>
     <int Trafo="1"/>
    </PSESlide>
    <AxisLine name="Line">
     <string Font=",8.25,-1,5,50,0,0,0,0,0"/>
     <string Name="Line"/>
     <string Icon="annotationTree"/>
     <int Type="2"/>
     <int AxisType="1"/>
     <int Unit="24"/>
     <int Trafo="1"/>
    </AxisLine>
    <AxisTicks name="Ticks">
     <string Font=",8.25,-1,5,50,0,0,0,0,0"/>
     <string Name="Ticks"/>
     <string Icon="annotationTree"/>
     <int Type="2"/>
     <int AxisType="1"/>
     <int Unit="24"/>
     <int Trafo="1"/>
    </AxisTicks>
    <Annotation name="Annotation">
     <string Font=",8.25,-1,5,50,0,0,0,0,0"/>
     <string Name="Annotation"/>
     <string Icon="annotationTree"/>
     <float AlignY="1"/>
     <string FontString="Arial,8,-1,5,50,0,0,0,0,0"/>
     <int AxisType="1"/>
     <int Unit="24"/>
     <int Trafo="1"/>
    </Annotation>
    <AxisTitle name="Title">
     <string Font=",8.25,-1,5,50,0,0,0,0,0"/>
     <string Name="Title"/>
     <string Icon="annotationTree"/>
     <float AlignY="1"/>
     <string FontString="Arial,8,-1,5,50,0,0,0,0,0"/>
     <int AxisType="1"/>
     <int Unit="24"/>
     <int Trafo="1"/>
     <string Text="DEFAULT"/>
    </AxisTitle>
   </Axis>
   <Axis name="Geo Time Scale">
    <string Font=",8.25,-1,5,50,0,0,0,0,0"/>
    <string Name="Geo Time Scale"/>
    <string Icon="annotationTree"/>
    <int AxisType="2"/>
    <int Unit="24"/>
    <int Trafo="1"/>
    <AxisLine name="StartLine">
     <string Font=",8.25,-1,5,50,0,0,0,0,0"/>
     <string Name="StartLine"/>
     <string Icon="annotationTree"/>
     <int Type="2"/>
     <int AxisType="2"/>
     <int Unit="24"/>
     <int Trafo="1"/>
    </AxisLine>
    <TimeScale name="Epochs">
     <string Font=",8.25,-1,5,50,0,0,0,0,0"/>
     <string Name="Epochs"/>
     <string Icon="annotationTree"/>
     <float AlignY="-1"/>
     <string FontString="Arial,8,-1,5,50,0,0,0,0,0"/>
     <int AxisType="2"/>
     <int Unit="24"/>
     <int Trafo="1"/>
     <int TimeScaleType="4"/>
    </TimeScale>
    <AxisLine name="MidLine">
     <string Font=",8.25,-1,5,50,0,0,0,0,0"/>
     <string Name="MidLine"/>
     <string Icon="annotationTree"/>
     <int Type="2"/>
     <int AxisType="2"/>
     <int Unit="24"/>
     <int Trafo="1"/>
     <float PropVisibleMin="-4000"/>
     <bool PropVisibleMinUsed="true"/>
     <bool PropVisibleMaxUsed="true"/>
    </AxisLine>
    <TimeScale name="Periods">
     <string Font=",8.25,-1,5,50,0,0,0,0,0"/>
     <string Name="Periods"/>
     <string Icon="annotationTree"/>
     <float AlignY="-1"/>
     <string FontString="Arial,8,-1,5,50,0,0,0,0,0"/>
     <int AxisType="2"/>
     <int Unit="24"/>
     <int Trafo="1"/>
     <int TimeScaleType="3"/>
    </TimeScale>
    <AxisLine name="EndLine">
     <string Font=",8.25,-1,5,50,0,0,0,0,0"/>
     <string Name="EndLine"/>
     <string Icon="annotationTree"/>
     <int Type="2"/>
     <int AxisType="2"/>
     <int Unit="24"/>
     <int Trafo="1"/>
     <float PropVisibleMin="-4000"/>
     <bool PropVisibleMinUsed="true"/>
     <bool PropVisibleMaxUsed="true"/>
    </AxisLine>
   </Axis>
   <EmptyAxes name="Empty Axes">
    <bool displayed="true"/>
    <AxisLine name="RightAxis">
     <string Font=",8.25,-1,5,50,0,0,0,0,0"/>
     <string Name="RightAxis"/>
     <string Icon="annotationTree"/>
     <int Type="2"/>
     <int AxisType="8"/>
    </AxisLine>
    <AxisLine name="LeftAxis">
     <string Font=",8.25,-1,5,50,0,0,0,0,0"/>
     <string Name="LeftAxis"/>
     <string Icon="annotationTree"/>
     <int Type="2"/>
     <int AxisType="4"/>
    </AxisLine>
    <AxisLine name="TopAxis">
     <string Font=",8.25,-1,5,50,0,0,0,0,0"/>
     <string Name="TopAxis"/>
     <string Icon="annotationTree"/>
     <int Type="2"/>
     <int AxisType="2"/>
    </AxisLine>
    <AxisLine name="BottomAxis">
     <string Font=",8.25,-1,5,50,0,0,0,0,0"/>
     <string Name="BottomAxis"/>
     <string Icon="annotationTree"/>
     <int Type="2"/>
     <int AxisType="1"/>
    </AxisLine>
   </EmptyAxes>
  </Axes>
 </TPlot>
 <PSElement name="Overburden Rock">
  <int Type="3"/>
  <string Name="Overburden Rock"/>
  <float TimeMinimum="-120"/>
  <float TimeMaximum="-41"/>
  <color Color="4291998860"/>
  <bool TimeMinimumEditable="false"/>
  <bool TimeMaximumEditable="false"/>
 </PSElement>
 <PSElement name="Seal Rock">
  <int Type="3"/>
  <string Name="Seal Rock"/>
  <float TimeMinimum="-208"/>
  <float TimeMaximum="-121"/>
  <color Color="4286915008"/>
  <bool TimeMinimumEditable="false"/>
  <bool TimeMaximumEditable="false"/>
 </PSElement>
 <PSElement name="Reservoir Rock">
  <int Type="3"/>
  <string Name="Reservoir Rock"/>
  <float TimeMinimum="-240"/>
  <float TimeMaximum="-125.900002"/>
  <color Color="4294953728"/>
  <bool TimeMinimumEditable="false"/>
  <bool TimeMaximumEditable="false"/>
 </PSElement>
 <PSElement name="Source Rock">
  <int Type="3"/>
  <string Name="Source Rock"/>
  <float TimeMinimum="-225"/>
  <float TimeMaximum="-120"/>
  <color Color="4281479730"/>
  <bool TimeMinimumEditable="false"/>
  <bool TimeMaximumEditable="false"/>
 </PSElement>
 <PSElement name="Underburden Rock">
  <int Type="3"/>
  <string Name="Underburden Rock"/>
  <float TimeMinimum="-400"/>
  <float TimeMaximum="-240"/>
  <color Color="4290032820"/>
  <bool TimeMinimumEditable="false"/>
  <bool TimeMaximumEditable="false"/>
 </PSElement>
 <PSElement name="Trap Formation">
  <int Type="0"/>
  <string Name="Trap Formation"/>
  <color Color="4278190335"/>
 </PSElement>
 <PSElement name="Gen/Mig/Accum">
  <int Type="0"/>
  <string Name="Gen/Mig/Accum"/>
  <color Color="4278222848"/>
 </PSElement>
 <PSElement name="Preservation">
  <int Type="0"/>
  <string Name="Preservation"/>
  <color Color="4286644096"/>
 </PSElement>
 <PSElement name="Critical Moment">
  <int Type="1"/>
  <string Name="Critical Moment"/>
  <int LineWidth="3"/>
  <color Color="4294901760"/>
  <bool TimeMaximumEditable="false"/>
  <bool LineWidthEditable="true"/>
 </PSElement>
</PSEFolder>
