<!DOCTYPE nvcml>
<GeochemRoot name="Objects">
  <petrowells_DataFolder name="Data Folder">
    <nio_OriginalRockEval name="default">
      <string ContentFile="default"/>
      <string ContentPath="C:/Users/malibrah/Documents/GitHub/PMToolbox/Workshop/Projects/Project2D_v2017/geo/"/>
    </nio_OriginalRockEval>
  </petrowells_DataFolder>
  <Node name="Plot Folder"/>
  <Node name="Units">
    <NTable name="Overlay Definitions"/>
    <NTable name="Physical Units"/>
    <NTable name="Physical Unit Groups"/>
  </Node>
  <petrowells_GeochemMainNode name="default">
    <string ContentName="default"/>
  </petrowells_GeochemMainNode>
</GeochemRoot>
