<!DOCTYPE nvcml>
<PetrowellsScope name="PetrowellsScope">
  <nio_PMWells name="PM_Inline_Uncertainty">
    <string ContentName="PM_Inline_Uncertainty"/>
    <string ContentUrl="C:/Research/Backup_E/Integration/Winter18/PM_Inline_Uncertainty/well"/>
    <Locator name="Locator"/>
  </nio_PMWells>
  <Node name="Plot Folder">
    <Plot name="Plot">
      <bool displayed="false"/>
      <string Font=",8.25,-1,5,50,0,0,0,0,0"/>
      <string Name="Plot"/>
      <int FrameLeft="150"/>
      <int FrameRight="80"/>
      <int FrameBottom="80"/>
      <int FrameTop="80"/>
      <Modi name="Modi">
        <bool displayed="true"/>
        <AxisClipperResizeMode name="AxisClipperResize mode">
          <bool displayed="true"/>
        </AxisClipperResizeMode>
        <LocatorMode name="Locator Mode"/>
        <ZoomMode name="Zoom Mode"/>
        <LabelMode name="Label mode"/>
        <ShiftMode name="Panning Mode"/>
        <CurveEditMode name="Curve Edit Mode">
          <bool displayed="true"/>
        </CurveEditMode>
        <FrameMode name="Frame mode">
          <bool displayed="true"/>
        </FrameMode>
        <PanningMode name="Panning mode">
          <bool displayed="true"/>
        </PanningMode>
      </Modi>
      <LegendMode name="Legend mode"/>
      <Legend name="Legend">
        <bool displayed="true"/>
        <int Width="200"/>
        <int AlignType="3"/>
        <int AlignXDist="90"/>
        <int AlignYDist="90"/>
        <int Space="5"/>
        <int BackgroundStyle="0"/>
        <CurveLegendItem name="Curve Legend Item Temperature">
          <bool displayed="true"/>
          <string Font="MS Shell Dlg 2,8.25,-1,5,50,0,0,0,0,0"/>
        </CurveLegendItem>
        <CurveLegendItem name="Curve Legend Item Porosity (effective)">
          <bool displayed="true"/>
          <string Font="MS Shell Dlg 2,8.25,-1,5,50,0,0,0,0,0"/>
        </CurveLegendItem>
        <CurveLegendItem name="Curve Legend Item Pore Pressure">
          <bool displayed="true"/>
          <string Font="MS Shell Dlg 2,8.25,-1,5,50,0,0,0,0,0"/>
        </CurveLegendItem>
        <CurveLegendItem name="Curve Legend Item Artificial">
          <bool displayed="true"/>
          <string Font="MS Shell Dlg 2,8.25,-1,5,50,0,0,0,0,0"/>
        </CurveLegendItem>
      </Legend>
      <Labels name="Labels"/>
      <Logo name="Logo">
        <string Font=",8.25,-1,5,50,0,0,0,0,0"/>
        <string Name="Logo"/>
        <string Icon="logo"/>
      </Logo>
      <PlotTitle name="PlotTitle">
        <string Font=",8.25,-1,5,50,0,0,0,0,0"/>
        <string Name="PlotTitle"/>
        <string Icon="annotationTree"/>
        <float AlignY="-2"/>
        <string FontString="Arial,12,-1,5,75,0,0,0,0,0"/>
        <string Text="ST168"/>
      </PlotTitle>
      <Axes name="Axes">
        <string Font=",8.25,-1,5,50,0,0,0,0,0"/>
        <string Name="Axes"/>
        <string Icon="annotationTree"/>
        <Axis name="Top: Temperature">
          <bool displayed="false"/>
          <string Font=",8.25,-1,5,50,0,0,0,0,0"/>
          <string Name="Top: Temperature"/>
          <string Icon="annotationTree"/>
          <int AxisType="2"/>
          <int Unit="31"/>
          <AxisLine name="Line">
            <string Font=",8.25,-1,5,50,0,0,0,0,0"/>
            <string Name="Line"/>
            <string Icon="annotationTree"/>
            <int Type="2"/>
            <int AxisType="2"/>
            <int Unit="31"/>
          </AxisLine>
          <AxisTicks name="Ticks">
            <string Font=",8.25,-1,5,50,0,0,0,0,0"/>
            <string Name="Ticks"/>
            <string Icon="annotationTree"/>
            <int Type="2"/>
            <int AxisType="2"/>
            <int Unit="31"/>
          </AxisTicks>
          <Annotation name="Annotation">
            <string Font=",8.25,-1,5,50,0,0,0,0,0"/>
            <string Name="Annotation"/>
            <string Icon="annotationTree"/>
            <string FontString="Arial,8,-1,5,50,0,0,0,0,0"/>
            <int AxisType="2"/>
            <int Unit="31"/>
          </Annotation>
          <AxisTitle name="Title">
            <string Font=",8.25,-1,5,50,0,0,0,0,0"/>
            <string Name="Title"/>
            <string Icon="annotationTree"/>
            <string FontString="Arial,8,-1,5,50,0,0,0,0,0"/>
            <int AxisType="2"/>
            <int Unit="31"/>
            <string Text="DEFAULT"/>
          </AxisTitle>
        </Axis>
        <Axis name="Bottom: Temperature">
          <string Font=",8.25,-1,5,50,0,0,0,0,0"/>
          <string Name="Bottom: Temperature"/>
          <string Icon="annotationTree"/>
          <int AxisType="1"/>
          <int Unit="31"/>
          <AxisLine name="Line">
            <string Font=",8.25,-1,5,50,0,0,0,0,0"/>
            <string Name="Line"/>
            <string Icon="annotationTree"/>
            <int Type="2"/>
            <int AxisType="1"/>
            <int Unit="31"/>
          </AxisLine>
          <AxisTicks name="Ticks">
            <string Font=",8.25,-1,5,50,0,0,0,0,0"/>
            <string Name="Ticks"/>
            <string Icon="annotationTree"/>
            <int Type="2"/>
            <int AxisType="1"/>
            <int Unit="31"/>
          </AxisTicks>
          <Annotation name="Annotation">
            <string Font=",8.25,-1,5,50,0,0,0,0,0"/>
            <string Name="Annotation"/>
            <string Icon="annotationTree"/>
            <string FontString="Arial,8,-1,5,50,0,0,0,0,0"/>
            <int AxisType="1"/>
            <int Unit="31"/>
          </Annotation>
          <AxisTitle name="Title">
            <string Font=",8.25,-1,5,50,0,0,0,0,0"/>
            <string Name="Title"/>
            <string Icon="annotationTree"/>
            <string FontString="Arial,8,-1,5,50,0,0,0,0,0"/>
            <int AxisType="1"/>
            <int Unit="31"/>
            <string Text="DEFAULT"/>
          </AxisTitle>
        </Axis>
        <Axis name="Top: Porosity">
          <string Font=",8.25,-1,5,50,0,0,0,0,0"/>
          <string Name="Top: Porosity"/>
          <string Icon="annotationTree"/>
          <int AxisType="2"/>
          <int Unit="21"/>
          <AxisLine name="Line">
            <string Font=",8.25,-1,5,50,0,0,0,0,0"/>
            <string Name="Line"/>
            <string Icon="annotationTree"/>
            <int Type="2"/>
            <int AxisType="2"/>
            <int Unit="21"/>
          </AxisLine>
          <AxisTicks name="Ticks">
            <string Font=",8.25,-1,5,50,0,0,0,0,0"/>
            <string Name="Ticks"/>
            <string Icon="annotationTree"/>
            <int Type="2"/>
            <int AxisType="2"/>
            <int Unit="21"/>
          </AxisTicks>
          <Annotation name="Annotation">
            <string Font=",8.25,-1,5,50,0,0,0,0,0"/>
            <string Name="Annotation"/>
            <string Icon="annotationTree"/>
            <string FontString="Arial,8,-1,5,50,0,0,0,0,0"/>
            <int AxisType="2"/>
            <int Unit="21"/>
          </Annotation>
          <AxisTitle name="Title">
            <string Font=",8.25,-1,5,50,0,0,0,0,0"/>
            <string Name="Title"/>
            <string Icon="annotationTree"/>
            <string FontString="Arial,8,-1,5,50,0,0,0,0,0"/>
            <int AxisType="2"/>
            <int Unit="21"/>
            <string Text="DEFAULT"/>
          </AxisTitle>
        </Axis>
        <Axis name="Bottom: Porosity">
          <bool displayed="false"/>
          <string Font=",8.25,-1,5,50,0,0,0,0,0"/>
          <string Name="Bottom: Porosity"/>
          <string Icon="annotationTree"/>
          <int AxisType="1"/>
          <int Unit="21"/>
          <AxisLine name="Line">
            <string Font=",8.25,-1,5,50,0,0,0,0,0"/>
            <string Name="Line"/>
            <string Icon="annotationTree"/>
            <int Type="2"/>
            <int AxisType="1"/>
            <int Unit="21"/>
          </AxisLine>
          <AxisTicks name="Ticks">
            <string Font=",8.25,-1,5,50,0,0,0,0,0"/>
            <string Name="Ticks"/>
            <string Icon="annotationTree"/>
            <int Type="2"/>
            <int AxisType="1"/>
            <int Unit="21"/>
          </AxisTicks>
          <Annotation name="Annotation">
            <string Font=",8.25,-1,5,50,0,0,0,0,0"/>
            <string Name="Annotation"/>
            <string Icon="annotationTree"/>
            <string FontString="Arial,8,-1,5,50,0,0,0,0,0"/>
            <int AxisType="1"/>
            <int Unit="21"/>
          </Annotation>
          <AxisTitle name="Title">
            <string Font=",8.25,-1,5,50,0,0,0,0,0"/>
            <string Name="Title"/>
            <string Icon="annotationTree"/>
            <string FontString="Arial,8,-1,5,50,0,0,0,0,0"/>
            <int AxisType="1"/>
            <int Unit="21"/>
            <string Text="DEFAULT"/>
          </AxisTitle>
        </Axis>
        <Axis name="Top: Pressure">
          <string Font=",8.25,-1,5,50,0,0,0,0,0"/>
          <string Name="Top: Pressure"/>
          <string Icon="annotationTree"/>
          <int AxisType="2"/>
          <int Unit="52"/>
          <AxisLine name="Line">
            <string Font=",8.25,-1,5,50,0,0,0,0,0"/>
            <string Name="Line"/>
            <string Icon="annotationTree"/>
            <int Type="2"/>
            <int AxisType="2"/>
            <int Unit="52"/>
          </AxisLine>
          <AxisTicks name="Ticks">
            <string Font=",8.25,-1,5,50,0,0,0,0,0"/>
            <string Name="Ticks"/>
            <string Icon="annotationTree"/>
            <int Type="2"/>
            <int AxisType="2"/>
            <int Unit="52"/>
          </AxisTicks>
          <Annotation name="Annotation">
            <string Font=",8.25,-1,5,50,0,0,0,0,0"/>
            <string Name="Annotation"/>
            <string Icon="annotationTree"/>
            <string FontString="Arial,8,-1,5,50,0,0,0,0,0"/>
            <int AxisType="2"/>
            <int Unit="52"/>
          </Annotation>
          <AxisTitle name="Title">
            <string Font=",8.25,-1,5,50,0,0,0,0,0"/>
            <string Name="Title"/>
            <string Icon="annotationTree"/>
            <string FontString="Arial,8,-1,5,50,0,0,0,0,0"/>
            <int AxisType="2"/>
            <int Unit="52"/>
            <string Text="DEFAULT"/>
          </AxisTitle>
        </Axis>
        <Axis name="Bottom: Pressure">
          <bool displayed="false"/>
          <string Font=",8.25,-1,5,50,0,0,0,0,0"/>
          <string Name="Bottom: Pressure"/>
          <string Icon="annotationTree"/>
          <int AxisType="1"/>
          <int Unit="52"/>
          <AxisLine name="Line">
            <string Font=",8.25,-1,5,50,0,0,0,0,0"/>
            <string Name="Line"/>
            <string Icon="annotationTree"/>
            <int Type="2"/>
            <int AxisType="1"/>
            <int Unit="52"/>
          </AxisLine>
          <AxisTicks name="Ticks">
            <string Font=",8.25,-1,5,50,0,0,0,0,0"/>
            <string Name="Ticks"/>
            <string Icon="annotationTree"/>
            <int Type="2"/>
            <int AxisType="1"/>
            <int Unit="52"/>
          </AxisTicks>
          <Annotation name="Annotation">
            <string Font=",8.25,-1,5,50,0,0,0,0,0"/>
            <string Name="Annotation"/>
            <string Icon="annotationTree"/>
            <string FontString="Arial,8,-1,5,50,0,0,0,0,0"/>
            <int AxisType="1"/>
            <int Unit="52"/>
          </Annotation>
          <AxisTitle name="Title">
            <string Font=",8.25,-1,5,50,0,0,0,0,0"/>
            <string Name="Title"/>
            <string Icon="annotationTree"/>
            <string FontString="Arial,8,-1,5,50,0,0,0,0,0"/>
            <int AxisType="1"/>
            <int Unit="52"/>
            <string Text="DEFAULT"/>
          </AxisTitle>
        </Axis>
        <Axis name="Right: Depth">
          <string Font=",8.25,-1,5,50,0,0,0,0,0"/>
          <string Name="Right: Depth"/>
          <string Icon="annotationTree"/>
          <int AxisType="8"/>
          <int Unit="10"/>
          <int Trafo="1"/>
          <AxisLine name="Line">
            <string Font=",8.25,-1,5,50,0,0,0,0,0"/>
            <string Name="Line"/>
            <string Icon="annotationTree"/>
            <int Type="2"/>
            <int AxisType="8"/>
            <int Unit="10"/>
            <int Trafo="1"/>
          </AxisLine>
          <AxisTicks name="Ticks">
            <string Font=",8.25,-1,5,50,0,0,0,0,0"/>
            <string Name="Ticks"/>
            <string Icon="annotationTree"/>
            <int Type="2"/>
            <int AxisType="8"/>
            <int Unit="10"/>
            <int Trafo="1"/>
          </AxisTicks>
          <Annotation name="Annotation">
            <string Font=",8.25,-1,5,50,0,0,0,0,0"/>
            <string Name="Annotation"/>
            <string Icon="annotationTree"/>
            <string FontString="Arial,8,-1,5,50,0,0,0,0,0"/>
            <int AxisType="8"/>
            <int Unit="10"/>
            <int Trafo="1"/>
          </Annotation>
          <AxisTitle name="Title">
            <string Font=",8.25,-1,5,50,0,0,0,0,0"/>
            <string Name="Title"/>
            <string Icon="annotationTree"/>
            <float AlignX="-1"/>
            <int Orientation="1"/>
            <string FontString="Arial,8,-1,5,50,0,0,0,0,0"/>
            <int AxisType="8"/>
            <int Unit="10"/>
            <int Trafo="1"/>
            <string Text="DEFAULT"/>
          </AxisTitle>
        </Axis>
        <Axis name="Left: Depth">
          <string Font=",8.25,-1,5,50,0,0,0,0,0"/>
          <string Name="Left: Depth"/>
          <string Icon="annotationTree"/>
          <int AxisType="4"/>
          <int Unit="10"/>
          <int Trafo="1"/>
          <AxisLine name="Line">
            <string Font=",8.25,-1,5,50,0,0,0,0,0"/>
            <string Name="Line"/>
            <string Icon="annotationTree"/>
            <int Type="2"/>
            <int LinePattern="3135"/>
            <color LineRGBA="4290822336"/>
            <int AxisType="4"/>
            <int Unit="10"/>
            <int Trafo="1"/>
          </AxisLine>
          <AxisClipper name="Slide">
            <string Font=",8.25,-1,5,50,0,0,0,0,0"/>
            <string Name="Slide"/>
            <int AxisType="4"/>
            <int Unit="10"/>
            <int Trafo="1"/>
            <int ClipWidth="70"/>
            <UnitScale name="Scale">
              <string Font=",8.25,-1,5,50,0,0,0,0,0"/>
              <string Name="Scale"/>
              <int XRangeType="2"/>
              <int XRangeUnit="15"/>
              <float XRangeFixMin="-40"/>
              <float XRangeFixMax="10"/>
              <bool XZoomEnabled="false"/>
              <int YRangeType="1"/>
              <int YRangeUnit="10"/>
              <int YTrafo="1"/>
              <float YRangeFixMin="-10000"/>
              <float YRangeFixMax="0"/>
              <Slide name="Slide">
                <string Font=",8.25,-1,5,50,0,0,0,0,0"/>
                <string Name="Slide"/>
              </Slide>
              <Curve name="Deviation">
                <string Font=",8.25,-1,5,50,0,0,0,0,0"/>
                <string Name="Deviation"/>
                <int Type="3"/>
                <color LineRGBA="4278190335"/>
                <int UnitX="15"/>
                <int UnitY="10"/>
                <int YTrafo="1"/>
              </Curve>
            </UnitScale>
          </AxisClipper>
          <AxisLine name="Line">
            <string Font=",8.25,-1,5,50,0,0,0,0,0"/>
            <string Name="Line"/>
            <string Icon="annotationTree"/>
            <int Type="2"/>
            <int AxisType="4"/>
            <int Unit="10"/>
            <int Trafo="1"/>
          </AxisLine>
          <AxisTicks name="Ticks">
            <string Font=",8.25,-1,5,50,0,0,0,0,0"/>
            <string Name="Ticks"/>
            <string Icon="annotationTree"/>
            <int Type="2"/>
            <int AxisType="4"/>
            <int Unit="10"/>
            <int Trafo="1"/>
          </AxisTicks>
          <Annotation name="Annotation">
            <string Font=",8.25,-1,5,50,0,0,0,0,0"/>
            <string Name="Annotation"/>
            <string Icon="annotationTree"/>
            <string FontString="Arial,8,-1,5,50,0,0,0,0,0"/>
            <int AxisType="4"/>
            <int Unit="10"/>
            <int Trafo="1"/>
          </Annotation>
          <AxisTitle name="Title">
            <string Font=",8.25,-1,5,50,0,0,0,0,0"/>
            <string Name="Title"/>
            <string Icon="annotationTree"/>
            <float AlignX="1"/>
            <int Orientation="1"/>
            <string FontString="Arial,8,-1,5,50,0,0,0,0,0"/>
            <int AxisType="4"/>
            <int Unit="10"/>
            <int Trafo="1"/>
            <string Text="DEFAULT"/>
          </AxisTitle>
        </Axis>
        <Axis name="Bottom: NoUnit">
          <string Font=",8.25,-1,5,50,0,0,0,0,0"/>
          <string Name="Bottom: NoUnit"/>
          <string Icon="annotationTree"/>
          <int AxisType="1"/>
          <int Unit="300"/>
          <AxisLine name="Line">
            <string Font=",8.25,-1,5,50,0,0,0,0,0"/>
            <string Name="Line"/>
            <string Icon="annotationTree"/>
            <int Type="2"/>
            <int AxisType="1"/>
            <int Unit="300"/>
          </AxisLine>
          <AxisTicks name="Ticks">
            <string Font=",8.25,-1,5,50,0,0,0,0,0"/>
            <string Name="Ticks"/>
            <string Icon="annotationTree"/>
            <int Type="2"/>
            <int AxisType="1"/>
            <int Unit="300"/>
          </AxisTicks>
          <Annotation name="Annotation">
            <string Font=",8.25,-1,5,50,0,0,0,0,0"/>
            <string Name="Annotation"/>
            <string Icon="annotationTree"/>
            <string FontString="Arial,8,-1,5,50,0,0,0,0,0"/>
            <int AxisType="1"/>
            <int Unit="300"/>
          </Annotation>
          <AxisTitle name="Title">
            <string Font=",8.25,-1,5,50,0,0,0,0,0"/>
            <string Name="Title"/>
            <string Icon="annotationTree"/>
            <float AlignY="1"/>
            <string FontString="Arial,8,-1,5,50,0,0,0,0,0"/>
            <int AxisType="1"/>
            <int Unit="300"/>
            <string Text="DEFAULT"/>
          </AxisTitle>
        </Axis>
        <Axis name="Top: NoUnit">
          <bool displayed="false"/>
          <string Font=",8.25,-1,5,50,0,0,0,0,0"/>
          <string Name="Top: NoUnit"/>
          <string Icon="annotationTree"/>
          <int AxisType="2"/>
          <int Unit="300"/>
          <AxisLine name="Line">
            <string Font=",8.25,-1,5,50,0,0,0,0,0"/>
            <string Name="Line"/>
            <string Icon="annotationTree"/>
            <int Type="2"/>
            <int AxisType="2"/>
            <int Unit="300"/>
          </AxisLine>
          <AxisTicks name="Ticks">
            <string Font=",8.25,-1,5,50,0,0,0,0,0"/>
            <string Name="Ticks"/>
            <string Icon="annotationTree"/>
            <int Type="2"/>
            <int AxisType="2"/>
            <int Unit="300"/>
          </AxisTicks>
          <Annotation name="Annotation">
            <string Font=",8.25,-1,5,50,0,0,0,0,0"/>
            <string Name="Annotation"/>
            <string Icon="annotationTree"/>
            <string FontString="Arial,8,-1,5,50,0,0,0,0,0"/>
            <int AxisType="2"/>
            <int Unit="300"/>
          </Annotation>
          <AxisTitle name="Title">
            <string Font=",8.25,-1,5,50,0,0,0,0,0"/>
            <string Name="Title"/>
            <string Icon="annotationTree"/>
            <string FontString="Arial,8,-1,5,50,0,0,0,0,0"/>
            <int AxisType="2"/>
            <int Unit="300"/>
            <string Text="DEFAULT"/>
          </AxisTitle>
        </Axis>
        <EmptyAxes name="Empty Axes">
          <bool displayed="true"/>
          <AxisLine name="RightAxis">
            <string Font=",8.25,-1,5,50,0,0,0,0,0"/>
            <string Name="RightAxis"/>
            <string Icon="annotationTree"/>
            <int Type="2"/>
            <int AxisType="8"/>
          </AxisLine>
          <AxisLine name="LeftAxis">
            <string Font=",8.25,-1,5,50,0,0,0,0,0"/>
            <string Name="LeftAxis"/>
            <string Icon="annotationTree"/>
            <int Type="2"/>
            <int AxisType="4"/>
          </AxisLine>
          <AxisLine name="TopAxis">
            <string Font=",8.25,-1,5,50,0,0,0,0,0"/>
            <string Name="TopAxis"/>
            <string Icon="annotationTree"/>
            <int Type="2"/>
            <int AxisType="2"/>
          </AxisLine>
          <AxisLine name="BottomAxis">
            <string Font=",8.25,-1,5,50,0,0,0,0,0"/>
            <string Name="BottomAxis"/>
            <string Icon="annotationTree"/>
            <int Type="2"/>
            <int AxisType="1"/>
          </AxisLine>
        </EmptyAxes>
      </Axes>
      <UnitScale name="Scale">
        <string Font=",8.25,-1,5,50,0,0,0,0,0"/>
        <string Name="Scale"/>
        <int XRangeType="1"/>
        <int XRangeUnit="31"/>
        <int YRangeType="1"/>
        <int YRangeUnit="10"/>
        <int YTrafo="1"/>
        <float YRangeFixMin="-10000"/>
        <float YRangeFixMax="0"/>
        <Curve name="Temperature">
          <bool displayed="false"/>
          <string Font=",8.25,-1,5,50,0,0,0,0,0"/>
          <string Name="Temperature"/>
          <int Type="3"/>
          <color LineRGBA="4294901760"/>
          <int UnitX="31"/>
          <int UnitY="10"/>
          <int YTrafo="1"/>
        </Curve>
      </UnitScale>
      <UnitScale name="Scale">
        <string Font=",8.25,-1,5,50,0,0,0,0,0"/>
        <string Name="Scale"/>
        <int XRangeType="1"/>
        <int XRangeUnit="21"/>
        <int YRangeType="1"/>
        <int YRangeUnit="10"/>
        <int YTrafo="1"/>
        <float YRangeFixMin="-10000"/>
        <float YRangeFixMax="0"/>
        <Curve name="Porosity (effective)">
          <bool displayed="false"/>
          <string Font=",8.25,-1,5,50,0,0,0,0,0"/>
          <string Name="Porosity (effective)"/>
          <int Type="3"/>
          <color LineRGBA="4294901760"/>
          <int UnitX="21"/>
          <int UnitY="10"/>
          <int YTrafo="1"/>
        </Curve>
      </UnitScale>
      <UnitScale name="Scale">
        <string Font=",8.25,-1,5,50,0,0,0,0,0"/>
        <string Name="Scale"/>
        <int XRangeType="1"/>
        <int XRangeUnit="52"/>
        <int YRangeType="1"/>
        <int YRangeUnit="10"/>
        <int YTrafo="1"/>
        <float YRangeFixMin="-10000"/>
        <float YRangeFixMax="0"/>
        <Curve name="Pore Pressure">
          <bool displayed="false"/>
          <string Font=",8.25,-1,5,50,0,0,0,0,0"/>
          <string Name="Pore Pressure"/>
          <int Type="3"/>
          <color LineRGBA="4294901760"/>
          <int UnitX="52"/>
          <int UnitY="10"/>
          <int YTrafo="1"/>
        </Curve>
      </UnitScale>
      <UnitScale name="Scale">
        <string Font=",8.25,-1,5,50,0,0,0,0,0"/>
        <string Name="Scale"/>
        <int XRangeType="1"/>
        <int XRangeUnit="300"/>
        <float XRangeFixMax="2"/>
        <int YRangeType="1"/>
        <int YRangeUnit="10"/>
        <int YTrafo="1"/>
        <float YRangeFixMin="-10000"/>
        <float YRangeFixMax="0"/>
        <Curve name="Artificial">
          <bool displayed="false"/>
          <string Font=",8.25,-1,5,50,0,0,0,0,0"/>
          <string Name="Artificial"/>
          <int Type="3"/>
          <color LineRGBA="4278190335"/>
          <int UnitX="300"/>
          <int UnitY="10"/>
          <int YTrafo="1"/>
        </Curve>
      </UnitScale>
    </Plot>
  </Node>
  <Node name="Units">
    <NTable name="Overlay Definitions"/>
    <NTable name="Physical Units"/>
    <NTable name="Physical Unit Groups"/>
  </Node>
  <CultureData name="Culture data">
    <bool displayed="true"/>
    <CultureLineFolder name="Blockboundaries">
      <uint CultureType="1"/>
    </CultureLineFolder>
    <CultureLineFolder name="Lines">
      <uint CultureType="2"/>
    </CultureLineFolder>
    <CultureLineFolder name="Cross section lines">
      <uint CultureType="3"/>
    </CultureLineFolder>
    <CultureLabelFolder name="Labels"/>
  </CultureData>
  <Node name="View settings">
    <bool displayed="true"/>
    <QGLMapRendererNode name="Map View">
      <bool displayed="true"/>
      <int Width="722"/>
      <int Height="607"/>
      <color BackgroundColor="4294967295"/>
      <color HighlightCColor="4294967040"/>
      <string Font="MS Shell Dlg 2,8.25,-1,5,50,0,0,0,0,0"/>
      <string AnnotationTitle="Map View"/>
      <int MarginLeft="80"/>
      <int MarginRight="80"/>
      <int MarginTop="50"/>
      <int MarginBottom="50"/>
      <int PropZoomLimit="1023"/>
      <point FocusMinP="0 0 99999"/>
      <point FocusMaxP="0 0 99999"/>
      <point Target="0 0 4988.5"/>
      <point North="0 1 0"/>
      <float Border="2"/>
      <nglAnnotationMap name="Map View">
        <bool displayed="true"/>
        <bool inTree="true"/>
        <uint titleLocation="9"/>
        <bool logoDisplayed="true"/>
        <uint compassLocation="6"/>
        <uint scaleBarLocation="6"/>
        <string scaleBarFont="MS Shell Dlg 2,8.25,-1,5,50,0,0,0,0,0"/>
        <bool wellNameName="true"/>
        <bool wellSymbolAssigned="true"/>
        <int wellPickWidth="1"/>
        <int wellPickLength="5"/>
        <int wellFaultWidth="1"/>
        <int wellFaultLength="5"/>
        <int wellUnconfWidth="1"/>
        <int wellUnconfLength="5"/>
        <int wellRiskWidth="1"/>
        <int wellRiskLength="5"/>
        <int wellLogCurveWidth="50"/>
        <int wellCalibWidth="50"/>
        <nglAnnotationAxis name="Right">
          <bool displayed="true"/>
          <int mode="2"/>
          <string title="Grid"/>
          <bool titleDefault="true"/>
          <string titleFont="MS Shell Dlg 2,8.25,-1,5,50,0,0,0,0,0"/>
          <bool lineDisplayed="true"/>
          <int lineWidth="1"/>
          <bool labelsDisplayed="true"/>
          <string labelFont="MS Shell Dlg 2,8.25,-1,5,50,0,0,0,0,0"/>
          <bool majorDisplayed="true"/>
          <int majorWidth="1"/>
          <int majorLength="5"/>
          <bool minorDisplayed="true"/>
          <int minorWidth="1"/>
          <int minorLength="2"/>
          <bool automatic="true"/>
          <float majorStep="100"/>
          <int majorRate="10"/>
        </nglAnnotationAxis>
        <nglAnnotationAxis name="Left">
          <bool displayed="true"/>
          <bool titleDisplayed="true"/>
          <string title="Y"/>
          <bool titleDefault="true"/>
          <string titleFont="MS Shell Dlg 2,8.25,-1,5,50,0,0,0,0,0"/>
          <bool lineDisplayed="true"/>
          <int lineWidth="1"/>
          <bool labelsDisplayed="true"/>
          <string labelFont="MS Shell Dlg 2,8.25,-1,5,50,0,0,0,0,0"/>
          <bool majorDisplayed="true"/>
          <int majorWidth="1"/>
          <int majorLength="5"/>
          <bool minorDisplayed="true"/>
          <int minorWidth="1"/>
          <int minorLength="2"/>
          <bool automatic="true"/>
          <float majorStep="100"/>
          <int majorRate="10"/>
        </nglAnnotationAxis>
        <nglAnnotationAxis name="Bottom">
          <bool displayed="true"/>
          <int mode="2"/>
          <string title="Grid"/>
          <bool titleDefault="true"/>
          <string titleFont="MS Shell Dlg 2,8.25,-1,5,50,0,0,0,0,0"/>
          <bool lineDisplayed="true"/>
          <int lineWidth="1"/>
          <bool labelsDisplayed="true"/>
          <string labelFont="MS Shell Dlg 2,8.25,-1,5,50,0,0,0,0,0"/>
          <bool majorDisplayed="true"/>
          <int majorWidth="1"/>
          <int majorLength="5"/>
          <bool minorDisplayed="true"/>
          <int minorWidth="1"/>
          <int minorLength="2"/>
          <bool automatic="true"/>
          <float majorStep="100"/>
          <int majorRate="10"/>
        </nglAnnotationAxis>
        <nglAnnotationAxis name="Top">
          <bool displayed="true"/>
          <bool titleDisplayed="true"/>
          <string title="X"/>
          <bool titleDefault="true"/>
          <string titleFont="MS Shell Dlg 2,8.25,-1,5,50,0,0,0,0,0"/>
          <bool lineDisplayed="true"/>
          <int lineWidth="1"/>
          <bool labelsDisplayed="true"/>
          <string labelFont="MS Shell Dlg 2,8.25,-1,5,50,0,0,0,0,0"/>
          <bool majorDisplayed="true"/>
          <int majorWidth="1"/>
          <int majorLength="5"/>
          <bool minorDisplayed="true"/>
          <int minorWidth="1"/>
          <int minorLength="2"/>
          <bool automatic="true"/>
          <float majorStep="100"/>
          <int majorRate="10"/>
        </nglAnnotationAxis>
      </nglAnnotationMap>
    </QGLMapRendererNode>
    <QGL3dRendererNode name="3D View">
      <bool displayed="true"/>
      <int Width="1"/>
      <int Height="1"/>
      <color BackgroundColor="4294967295"/>
      <color HighlightCColor="4294967040"/>
      <string Font="MS Shell Dlg 2,8.25,-1,5,50,0,0,0,0,0"/>
      <string AnnotationTitle="3D View"/>
      <float Rotate="345"/>
      <float DepthRatio="1"/>
      <float Slope="15"/>
      <float FOV="10"/>
      <float StereoEyeDistance="50"/>
      <point FocusMinP="0 0 99999"/>
      <point FocusMaxP="0 0 99999"/>
      <point North="0 1 0"/>
      <nglAnnotation3d name="3D View">
        <bool displayed="true"/>
        <bool inTree="true"/>
        <uint titleLocation="9"/>
        <bool logoDisplayed="true"/>
        <uint compassLocation="6"/>
        <string scaleBarFont="MS Shell Dlg 2,8.25,-1,5,50,0,0,0,0,0"/>
        <bool wellNameName="true"/>
        <bool wellSymbolAssigned="true"/>
        <int wellPickWidth="1"/>
        <int wellPickLength="5"/>
        <int wellFaultWidth="1"/>
        <int wellFaultLength="5"/>
        <int wellUnconfWidth="1"/>
        <int wellUnconfLength="5"/>
        <int wellRiskWidth="1"/>
        <int wellRiskLength="5"/>
        <int wellLogCurveWidth="50"/>
        <int wellCalibWidth="50"/>
        <nglAnnotationAxis name="Vertical">
          <bool displayed="true"/>
          <int mode="3"/>
          <bool titleDisplayed="true"/>
          <bool titleDefault="true"/>
          <string titleFont="MS Shell Dlg 2,8.25,-1,5,50,0,0,0,0,0"/>
          <color titleColor="4286611584"/>
          <bool lineDisplayed="true"/>
          <int lineWidth="1"/>
          <color lineColor="4286611584"/>
          <bool labelsDisplayed="true"/>
          <string labelFont="MS Shell Dlg 2,8.25,-1,5,50,0,0,0,0,0"/>
          <color labelColor="4286611584"/>
          <bool majorDisplayed="true"/>
          <int majorWidth="1"/>
          <int majorLength="3"/>
          <color majorColor="4286611584"/>
          <int minorWidth="1"/>
          <int minorLength="1"/>
          <color minorColor="4286611584"/>
          <bool automatic="true"/>
          <int majorRate="10"/>
        </nglAnnotationAxis>
        <nglAnnotationAxis name="Bottom">
          <bool displayed="true"/>
          <bool titleDisplayed="true"/>
          <bool titleDefault="true"/>
          <string titleFont="MS Shell Dlg 2,8.25,-1,5,50,0,0,0,0,0"/>
          <color titleColor="4286611584"/>
          <bool lineDisplayed="true"/>
          <int lineWidth="1"/>
          <color lineColor="4286611584"/>
          <bool labelsDisplayed="true"/>
          <string labelFont="MS Shell Dlg 2,8.25,-1,5,50,0,0,0,0,0"/>
          <color labelColor="4286611584"/>
          <bool majorDisplayed="true"/>
          <int majorWidth="1"/>
          <int majorLength="3"/>
          <color majorColor="4286611584"/>
          <int minorWidth="1"/>
          <int minorLength="1"/>
          <color minorColor="4286611584"/>
          <bool automatic="true"/>
          <int majorRate="10"/>
        </nglAnnotationAxis>
        <nglAnnotationAxis name="Top">
          <bool displayed="true"/>
          <bool titleDisplayed="true"/>
          <bool titleDefault="true"/>
          <string titleFont="MS Shell Dlg 2,8.25,-1,5,50,0,0,0,0,0"/>
          <color titleColor="4286611584"/>
          <bool lineDisplayed="true"/>
          <int lineWidth="1"/>
          <color lineColor="4286611584"/>
          <bool labelsDisplayed="true"/>
          <string labelFont="MS Shell Dlg 2,8.25,-1,5,50,0,0,0,0,0"/>
          <color labelColor="4286611584"/>
          <bool majorDisplayed="true"/>
          <int majorWidth="1"/>
          <int majorLength="3"/>
          <color majorColor="4286611584"/>
          <int minorWidth="1"/>
          <int minorLength="1"/>
          <color minorColor="4286611584"/>
          <bool automatic="true"/>
          <int majorRate="10"/>
        </nglAnnotationAxis>
      </nglAnnotation3d>
      <ClipPlane name="Plane Base">
        <uint Orientation="5"/>
        <float Dip="90"/>
        <double Distance="1e+31"/>
      </ClipPlane>
      <ClipPlane name="Plane Top">
        <uint Orientation="4"/>
        <float Dip="-90"/>
        <double Distance="1e+31"/>
      </ClipPlane>
      <ClipPlane name="Plane East">
        <uint Orientation="2"/>
        <float Azimuth="90"/>
        <double Distance="1e+31"/>
      </ClipPlane>
      <ClipPlane name="Plane West">
        <uint Orientation="3"/>
        <float Azimuth="270"/>
        <double Distance="1e+31"/>
      </ClipPlane>
      <ClipPlane name="Plane North">
        <double Distance="1e+31"/>
      </ClipPlane>
      <ClipPlane name="Plane South">
        <uint Orientation="1"/>
        <float Azimuth="180"/>
        <double Distance="1e+31"/>
      </ClipPlane>
      <ClipNode name="ClipNode">
        <point Any1Normal="0 0 1"/>
        <point Any2Normal="0 0 -1"/>
      </ClipNode>
    </QGL3dRendererNode>
    <QGLMapRendererNode name="Subset Dlg">
      <bool displayed="true"/>
      <int Width="160"/>
      <int Height="160"/>
      <color BackgroundColor="4294967295"/>
      <color HighlightCColor="4294967040"/>
      <string Font="MS Shell Dlg 2,8.25,-1,5,50,0,0,0,0,0"/>
      <string AnnotationTitle="Map View"/>
      <int MarginLeft="80"/>
      <int MarginRight="80"/>
      <int MarginTop="50"/>
      <int MarginBottom="50"/>
      <int PropZoomLimit="1023"/>
      <point FocusMinP="0 0 99999"/>
      <point FocusMaxP="0 0 99999"/>
      <point North="0 1 0"/>
      <float Border="2"/>
      <nglAnnotationMap name="Map View">
        <bool displayed="true"/>
        <bool inTree="true"/>
        <uint titleLocation="9"/>
        <bool logoDisplayed="true"/>
        <uint compassLocation="6"/>
        <uint scaleBarLocation="6"/>
        <string scaleBarFont="MS Shell Dlg 2,8.25,-1,5,50,0,0,0,0,0"/>
        <bool wellNameName="true"/>
        <bool wellSymbolAssigned="true"/>
        <int wellPickWidth="1"/>
        <int wellPickLength="5"/>
        <int wellFaultWidth="1"/>
        <int wellFaultLength="5"/>
        <int wellUnconfWidth="1"/>
        <int wellUnconfLength="5"/>
        <int wellRiskWidth="1"/>
        <int wellRiskLength="5"/>
        <int wellLogCurveWidth="50"/>
        <int wellCalibWidth="50"/>
        <nglAnnotationAxis name="Right">
          <bool displayed="true"/>
          <int mode="2"/>
          <bool titleDefault="true"/>
          <string titleFont="MS Shell Dlg 2,8.25,-1,5,50,0,0,0,0,0"/>
          <bool lineDisplayed="true"/>
          <int lineWidth="1"/>
          <bool labelsDisplayed="true"/>
          <string labelFont="MS Shell Dlg 2,8.25,-1,5,50,0,0,0,0,0"/>
          <bool majorDisplayed="true"/>
          <int majorWidth="1"/>
          <int majorLength="5"/>
          <bool minorDisplayed="true"/>
          <int minorWidth="1"/>
          <int minorLength="2"/>
          <bool automatic="true"/>
          <int majorRate="10"/>
        </nglAnnotationAxis>
        <nglAnnotationAxis name="Left">
          <bool displayed="true"/>
          <bool titleDisplayed="true"/>
          <bool titleDefault="true"/>
          <string titleFont="MS Shell Dlg 2,8.25,-1,5,50,0,0,0,0,0"/>
          <bool lineDisplayed="true"/>
          <int lineWidth="1"/>
          <bool labelsDisplayed="true"/>
          <string labelFont="MS Shell Dlg 2,8.25,-1,5,50,0,0,0,0,0"/>
          <bool majorDisplayed="true"/>
          <int majorWidth="1"/>
          <int majorLength="5"/>
          <bool minorDisplayed="true"/>
          <int minorWidth="1"/>
          <int minorLength="2"/>
          <bool automatic="true"/>
          <int majorRate="10"/>
        </nglAnnotationAxis>
        <nglAnnotationAxis name="Bottom">
          <bool displayed="true"/>
          <int mode="2"/>
          <bool titleDefault="true"/>
          <string titleFont="MS Shell Dlg 2,8.25,-1,5,50,0,0,0,0,0"/>
          <bool lineDisplayed="true"/>
          <int lineWidth="1"/>
          <bool labelsDisplayed="true"/>
          <string labelFont="MS Shell Dlg 2,8.25,-1,5,50,0,0,0,0,0"/>
          <bool majorDisplayed="true"/>
          <int majorWidth="1"/>
          <int majorLength="5"/>
          <bool minorDisplayed="true"/>
          <int minorWidth="1"/>
          <int minorLength="2"/>
          <bool automatic="true"/>
          <int majorRate="10"/>
        </nglAnnotationAxis>
        <nglAnnotationAxis name="Top">
          <bool displayed="true"/>
          <bool titleDisplayed="true"/>
          <bool titleDefault="true"/>
          <string titleFont="MS Shell Dlg 2,8.25,-1,5,50,0,0,0,0,0"/>
          <bool lineDisplayed="true"/>
          <int lineWidth="1"/>
          <bool labelsDisplayed="true"/>
          <string labelFont="MS Shell Dlg 2,8.25,-1,5,50,0,0,0,0,0"/>
          <bool majorDisplayed="true"/>
          <int majorWidth="1"/>
          <int majorLength="5"/>
          <bool minorDisplayed="true"/>
          <int minorWidth="1"/>
          <int minorLength="2"/>
          <bool automatic="true"/>
          <int majorRate="10"/>
        </nglAnnotationAxis>
      </nglAnnotationMap>
    </QGLMapRendererNode>
  </Node>
</PetrowellsScope>
